Series 1: ;
0.124563446;15.84752224
0.124563446;16.43202033
;
;
error;0.584498094
