Series 1: ;;;
0.108469961;0.696626799;square;total insoluble phosphorus
0.114681196;0.846439014;circle;PO4-P
0.142787032;1.524339287;triangle;total phosphorus
