Series 1: ;
0.484129092;422.0283267
0.484129092;469.33945
;
error;47.31112327
