Series 1: ;
0.118508445;6.378532683
0.118991399;7.134230492
;
error;0.755697809
