Series 1: ;
0.120467141;21.29552816
0.120424763;23.62741651
;
error;2.331888351
