Series 1: ;
0.125821198;107.3945306
0.126375986;120.0940225
;
error;12.69949186
