Series 1: ;
0.120938579;1.653094463
0.120487316;2.429424539
;
error;0.776330076
