treatment;value;error_high;error
none;92.75028163;99.71273187;6.962450236
low;86.88379436;95.60953458;8.725740217
med;76.08942897;78.68858563;2.59915666
high;72.08075257;74.58665874;2.50590617
