treatment;value;error_high;error
none;4.519715225;4.825301205;0.30558598
low;4.746440307;4.923877327;0.177437021
med;5.939211391;6.28422782;0.345016429
high;7.45728368;7.76286966;0.30558598
