treatment;value;error_high;error
none;197.2067321;210.1397448;12.93301267
low;184.2252952;198.082685;13.85738983
med;165.2424932;175.8657441;10.62325085
high;191.0645234;203.0737494;12.00922605
