"r.squared","adj.r.squared","sigma","statistic","p.value","df","logLik","AIC","BIC","deviance","df.residual","nobs"
0.15,-0.00693,0.248,0.956,0.477,7,3.23,11.5,28,2.34,38,46
0.583,0.537,0.366,12.6,5.68e-10,7,-25.2,68.4,88.8,8.46,63,71
0.484,0.392,0.648,5.26,0.00158,5,-30.2,74.4,85.1,11.8,28,34
0.574,0.496,0.376,7.32,1.46e-05,7,-15.9,49.9,66.3,5.39,38,46
0.511,0.394,0.759,4.38,0.00688,5,-27.5,68.9,78,12.1,21,27
0.108,-0.0708,0.743,0.603,0.698,5,-31.5,76.9,87,13.8,25,31
