"r.squared","adj.r.squared","sigma","statistic","p.value","df","logLik","AIC","BIC","deviance","df.residual","nobs"
0.165,0.0113,0.246,1.07,0.399,7,3.65,10.7,27.2,2.3,38,46
0.56,0.511,0.376,11.4,2.85e-09,7,-27.1,72.3,92.7,8.93,63,71
0.537,0.454,0.614,6.5,0.000398,5,-28.4,70.8,81.4,10.6,28,34
0.575,0.497,0.376,7.35,1.41e-05,7,-15.9,49.8,66.2,5.37,38,46
0.57,0.468,0.711,5.57,0.00203,5,-25.7,65.4,74.5,10.6,21,27
0.103,-0.0761,0.745,0.576,0.718,5,-31.5,77.1,87.1,13.9,25,31
