treatment;value;error_high;error
none;3.984452376;4.296077482;0.311625107
low;4.340218986;4.541785813;0.201566827
med;5.795062545;6.051614222;0.256551678
high;7.103678442;7.470332689;0.366654246
